url,category_code,category_description,date_added,source,notes
http://17.media/,MMED,Media sharing,2017-08-26,OONI partner,
http://asiafriendfinder.com/?lang=chinese,DATE,Online Dating,2017-08-25,OONI partner,
https://beta.yuelaobank.com/,DATE,Online Dating,2017-08-25,OONI partner,
http://big5.falundafa.org/,REL,Religion,2017-08-26,OONI partner,
https://www.cw.com.tw/,HOST,Hosting and Blogging Platforms,2017-08-26,OONI partner,
https://blog.udn.com/,HOST,Hosting and Blogging Platforms,2017-08-26,OONI partner,
https://buzzorange.com/,NEWS,News Media,2017-08-26,OONI partner,
http://chenfarm.com.tw/web/,COMM,E-commerce,2017-08-26,OONI partner,
https://ck101.com/,GRP,Social Networking,2017-08-25,OONI partner,
http://covenantswatch.org.tw/,HUMR,Human Rights Issues,2017-08-26,OONI partner,
https://dq.yam.com/,NEWS,News Media,2017-08-26,OONI partner,
http://e-info.org.tw/,NEWS,News Media,2017-08-26,OONI partner,
https://ek21.com.tw/,DATE,Online Dating,2017-08-25,OONI partner,
https://enews.tw/,NEWS,News Media,2017-08-26,OONI partner,
https://en.rti.org.tw/,NEWS,News Media,2017-08-25,OONI,
https://fapa.org/,MILX,Terrorism and Militants,2017-08-26,OONI partner,
http://ek21.com.tw/,DATE,Online Dating,2017-08-25,OONI partner,
http://english.rti.org.tw/,NEWS,News Media,2017-08-25,OONI,
http://fapa.org/,MILX,Terrorism and Militants,2017-08-26,OONI partner,
http://foaa.tahr.org.tw/,HUMR,Human Rights Issues,2017-08-26,OONI partner,
http://freetaiwanparty.tw/,MILX,Terrorism and Militants,2017-08-26,OONI partner,
http://friend.top1069.com/,DATE,Online Dating,2017-08-25,OONI partner,
http://gamecar.com.tw/,GAME,Gaming,2017-08-26,OONI partner,
http://gcaa.org.tw/,ENV,Environment,2017-08-26,OONI partner,
http://gd-park.org.tw/,ENV,Environment,2017-08-26,OONI partner,
https://go.gameone.com.tw/,GAME,Gaming,2017-08-26,OONI partner,
https://storystudio.tw/,CULTR,Culture,2017-08-26,OONI partner,
http://h5play.com.tw/games,GAME,Gaming,2017-08-26,OONI partner,
http://hef.yam.org.tw/,HUMR,Human Rights Issues,2017-08-26,OONI partner,
https://hitcon.org/,HACK,Hacking Tools,2017-08-25,OONI partner,
https://hotline.org.tw/,LGBT,LGBT,2017-08-25,OONI partner,
http://i3fresh.tw/,COMM,E-commerce,2017-08-26,OONI partner,    
http://internationalnewsstation.tw/,NEWS,News Media,2017-08-26,OONI partner,
https://kairos.news/,NEWS,News Media,2017-08-26,OONI partner,
https://kktix.com/,COMM,E-commerce,2017-08-26,OONI partner,
https://labor.ngo.tw/,HUMR,Human Rights Issues,2017-08-26,OONI partner,
https://lemongame.tw/,GAME,Gaming,2017-08-26,OONI partner,
http://labor.ngo.tw/,HUMR,Human Rights Issues,2017-08-26,OONI partner,
https://line.me/zh-hant/,COMT,Communication Tools,2017-08-25,OONI partner,
https://lohasfarmer.com/,COMM,E-commerce,2017-08-26,OONI partner,
http://lotto.arclink.com.tw/,GMB,Gambling,2017-08-25,OONI partner,
http://lotto.auzonet.com/,GMB,Gambling,2017-08-25,OONI partner,
https://mart.ibon.com.tw/mart/,COMM,E-commerce,2017-08-26,OONI partner,
http://mpa.artlife.tw/mall/,ENV,Environment,2017-08-26,OONI partner,
http://news.cts.com.tw/,NEWS,News Media,2017-08-26,OONI partner,
http://news.ebc.net.tw/,NEWS,News Media,2017-08-26,OONI partner,
https://news.ftv.com.tw/,NEWS,News Media,2017-08-26,OONI partner,
https://www.ftv.com.tw/,NEWS,News Media,2017-08-26,OONI partner,
https://news.pts.org.tw/,NEWS,News Media,2017-08-26,OONI partner,
https://newtalk.tw/,NEWS,News Media,2017-08-26,OONI partner,
http://nonukeyesvote.tw/,ENV,Environment,2017-08-26,OONI partner,
http://nownews.nicegame.com.tw/,GAME,Gaming,2017-08-26,OONI partner,
https://oshlink.org.tw/,HUMR,Human Rights Issues,2017-08-26,OONI partner,
https://pansci.asia/,NEWS,News Media,2017-08-26,OONI partner,
http://pansci.tw/,NEWS,News Media,2017-08-26,OONI partner,
http://photo.xuite.net/,MMED,Media sharing,2017-08-26,OONI partner,
https://playcoolgame.net/?scid=15227,GAME,Gaming,2017-08-26,OONI partner,
http://praatw.org/,HUMR,Human Rights Issues,2017-08-26,OONI partner,
http://presidentlee.tw/,MILX,Terrorism and Militants,2017-08-26,OONI partner,
http://radicalwings.tw/,MILX,Terrorism and Militants,2017-08-26,OONI partner,
https://rsf.org/en/taiwan,IGO,Intergovernmental Organizations,2017-08-26,OONI partner,
http://shop.cooleagle.com.tw/v2/official,COMM,E-commerce,2017-08-26,OONI partner,
https://shopee.tw/,COMM,E-commerce,2017-08-26,OONI partner,
http://shopping.friday.tw/,COMM,E-commerce,2017-08-26,OONI partner,
http://shopping.pchome.com.tw/,COMM,E-commerce,2017-08-26,OONI partner,
https://shopping.udn.com/,COMM,E-commerce,2017-08-26,OONI partner,
https://sojourn.tw/,COMM,E-commerce,2017-08-26,OONI partner,
http://tagv.mohw.gov.tw/,LGBT,LGBT,2017-08-25,OONI partner,
http://taiwan.shien-dao.com.tw/,REL,Religion,2017-08-26,OONI partner,
http://taiwanreview.nat.gov.tw/,NEWS,News Media,2017-08-25,OONI,
https://tapcpr.org/,LGBT,LGBT,2017-08-25,OONI partner,
http://tasat.org.tw/,HUMR,Human Rights Issues,2017-08-26,OONI partner,
http://technews.tw/,NEWS,News Media,2017-08-26,OONI partner,
http://teia.tw/zh-hant,ENV,Environment,2017-08-26,OONI partner,
http://tgqraa.org/,HUMR,Human Rights Issues,2017-08-26,OONI partner,
https://theinitium.com/,NEWS,News Media,2017-08-26,OONI partner,
http://tps-taiwanpassportsticker.com/,MILX,Terrorism and Militants,2017-08-26,OONI partner,
http://treesparty.tw/,ENV,Environment,2017-08-26,OONI partner,
http://tw.beanfun.com/,GAME,Gaming,2017-08-26,OONI partner,
https://tw.bid.yahoo.com/,COMM,E-commerce,2017-08-26,OONI partner,
http://tw.blizzard.com/zh-tw/,GAME,Gaming,2017-08-26,OONI partner,
http://tw.hehagame.com/,GAME,Gaming,2017-08-26,OONI partner,
https://tw.mall.yahoo.com/,COMM,E-commerce,2017-08-26,OONI partner,
https://tw.news.yahoo.com/,NEWS,News Media,2017-08-25,OONI,
http://tw.pikolive.com/,GAME,Gaming,2017-08-26,OONI partner,
http://tw.taobao.com/market/tw/twxz.php,COMM,E-commerce,2017-08-26,OONI partner,
http://twycc.org.tw/,ENV,Environment,2017-08-26,OONI partner,
http://udn.com/,NEWS,News Media,2017-08-25,OONI,
http://udn.com/news/index,NEWS,News Media,2017-08-26,OONI partner,
http://unitas.udngroup.com.tw/,CULTR,Culture,2017-08-26,OONI partner,
http://vlog.xuite.net/,MMED,Media sharing,2017-08-26,OONI partner,
http://wutong.org.tw/,ENV,Environment,2017-08-26,OONI partner,
http://www.100basket.com/,COMM,E-commerce,2017-08-26,OONI partner,
https://www.101newsmedia.com/,NEWS,News Media,2017-08-26,OONI partner,
http://www.113.com.tw/,GAME,Gaming,2017-08-26,OONI partner,
http://www.61.com.tw/,GAME,Gaming,2017-08-26,OONI partner,
https://www.7stareco.org.tw/,ENV,Environment,2017-08-26,OONI partner,
http://www.8591.com.tw/,COMM,E-commerce,2017-08-26,OONI partner,
http://www.88box.com/,GAME,Gaming,2017-08-26,OONI partner,
http://www.917play.com.tw/,GAME,Gaming,2017-08-26,OONI partner,
http://www.adaymag.com/,NEWS,News Media,2017-08-26,OONI partner,
http://www.aec.gov.tw/,GOVT,Government,2017-08-26,OONI partner,
http://www.airclean.tw/,ENV,Environment,2017-08-26,OONI partner,
http://www.alibaba-tw.com/,COMM,E-commerce,2017-08-26,OONI partner,
https://www.amnesty.tw/,HUMR,Human Rights Issues,2017-08-26,OONI partner,
http://www.anyongfresh.com/anyongfresh/,COMM,E-commerce,2017-08-26,OONI partner,
http://www.apc.gov.tw/,GOVT,Government,2017-08-26,OONI partner,
https://www.artsticket.com.tw/CKSCC2005/home/home00/index.aspx?AspxAutoDetectCookieSupport=1,CULTR,Culture,2017-08-26,OONI partner,
http://www.asap.com.tw/,COMM,E-commerce,2017-08-26,OONI partner,
http://www.aseed.org.tw/,ENV,Environment,2017-08-26,OONI partner,
http://www.asf.com.tw/,COMM,E-commerce,2017-08-26,OONI partner,     
http://www.awakening.org.tw/chhtml/index.asp,HUMR,Human Rights Issues,2017-08-26,OONI partner,
http://www.bnext.com.tw/,NEWS,News Media,2017-08-26,OONI partner,
https://www.books.com.tw/,COMM,E-commerce,2017-08-26,OONI partner,
http://www.buylocal.tw/,COMM,E-commerce,2017-08-26,OONI partner,        
https://www.buynearby.com.tw/,COMM,E-commerce,2017-08-26,OONI partner,
http://www.cahr.org.tw/,HUMR,Human Rights Issues,2017-08-26,OONI partner,
http://www.carrefour.com.tw/,COMM,E-commerce,2017-08-26,OONI partner,
http://www.cbc.gov.tw/mp.asp?mp=1,GOVT,Government,2017-08-26,OONI partner,
http://www.cdns.com.tw/,NEWS,News Media,2017-08-26,OONI partner,
http://www.cec.gov.tw/,GOVT,Government,2017-08-26,OONI partner,
https://www.cet-taiwan.org/,ENV,Environment,2017-08-26,OONI partner,
http://www.cga.gov.tw/GipOpen/wSite/mp?mp=999,GOVT,Government,2017-08-26,OONI partner,
http://www.chilin.org.tw/,HUMR,Human Rights Issues,2017-08-26,OONI partner,
http://www.chinatimes.com/realtimenews,NEWS,News Media,2017-08-26,OONI partner,
https://www.cib.gov.tw/,GOVT,Government,2017-08-26,OONI partner,
https://www.civilmedia.tw/,NEWS,News Media,2017-08-26,OONI partner,
https://www.cmmedia.com.tw/,NEWS,News Media,2017-08-26,OONI partner,
http://www.cna.com.tw/,NEWS,News Media,2017-08-25,OONI,
http://www.coa.gov.tw/,GOVT,Government,2017-08-26,OONI partner,
http://www.comico.com.tw/,CULTR,Culture,2017-08-26,OONI partner,
http://www.coolloud.org.tw/,NEWS,News Media,2017-08-26,OONI partner,
http://www.crat.artcom.tw/ap/index.aspx,HUMR,Human Rights Issues,2017-08-26,OONI partner,
http://www.ctcwri.idv.tw/godking.htm,REL,Religion,2017-08-26,OONI partner,
http://www.ctv.com.tw/,NEWS,News Media,2023-08-21,OONI partner,
https://www.ctworld.org.tw/,REL,Religion,2017-08-26,OONI partner,
http://www.culroc.org.tw/,HUMR,Human Rights Issues,2017-08-26,OONI partner,
http://www.cwcmf.org.tw/joomla/,HUMR,Human Rights Issues,2017-08-26,OONI partner,
http://www.cy.gov.tw/,GOVT,Government,2017-08-26,OONI partner,
http://www.cyberstep.com.tw/,GAME,Gaming,2017-08-26,OONI partner,
http://www.dajiamazu.org.tw/,REL,Religion,2017-08-26,OONI partner,
http://www.dalailamaworld.com/,REL,Religion,2017-08-26,OONI partner,
https://www.datemenow.com.tw/,DATE,Online Dating,2017-08-25,OONI partner,
http://www.digitaltahr.org.tw/,HUMR,Human Rights Issues,2017-08-26,OONI partner,
https://www.drfish.com.tw/,COMM,E-commerce,2017-08-26,OONI partner,
http://www.e-payless.com.tw/,COMM,E-commerce,2017-08-26,OONI partner,
https://www.ecoast.com.tw/,NEWS,News Media,2017-08-26,OONI partner,
http://www.ecpat.org.tw/,HUMR,Human Rights Issues,2017-08-26,OONI partner,
https://www.edu.tw/,GOVT,Government,2017-08-26,OONI partner,
http://www.edunion.org.tw/,HUMR,Human Rights Issues,2017-08-26,OONI partner,
http://www.eeft.org.tw/,ENV,Environment,2017-08-26,OONI partner,
http://www.efunfun.com/,GAME,Gaming,2017-08-26,OONI partner,
https://www.efuntw.com/,GAME,Gaming,2017-08-26,OONI partner,
http://www.eja.org.tw/,ENV,Environment,2017-08-26,OONI partner,
http://www.enable.org.tw/,HUMR,Human Rights Issues,2017-08-26,OONI partner,
https://www.epa.gov.tw/mp.asp?mp=epa,GOVT,Government,2017-08-26,OONI partner,
http://www.epochtimes.com/,NEWS,News Media,2017-08-25,OONI,
http://www.eqpf.org/,ENV,Environment,2017-08-26,OONI partner,
http://www.etmall.com.tw/,COMM,E-commerce,2017-08-26,OONI partner,
http://www.ettoday.net/,NEWS,News Media,2017-08-26,OONI partner,
http://www.eventsinfocus.org/,NEWS,News Media,2017-08-26,OONI partner,
http://www.ey.gov.tw/,GOVT,Government,2017-08-26,OONI partner,
http://www.eyny.com/index.php,FILE,File-sharing,2017-08-25,OONI partner,
https://www.famicloud.com.tw/,COMM,E-commerce,2017-08-26,OONI partner,
https://www.farm-direct.com.tw/,COMM,E-commerce,2017-08-26,OONI partner,  
https://www.fish123.com.tw/,COMM,E-commerce,2017-08-26,OONI partner,
https://www.fishermart.com.tw/,COMM,E-commerce,2017-08-26,OONI partner,
http://www.freshfoods.com.tw/,COMM,E-commerce,2017-08-26,OONI partner,        
https://www.fsc.gov.tw/ch/index.jsp,GOVT,Government,2017-08-26,OONI partner,
http://www.ftc.gov.tw/internet/main/index.aspx,GOVT,Government,2017-08-26,OONI partner,
https://www.funmily.com/,GAME,Gaming,2017-08-26,OONI partner,
https://www.gacc.org.tw/,CULTR,Culture,2017-08-26,OONI partner,
https://www.gamebase.com.tw/,GAME,Gaming,2017-08-26,OONI partner,
http://www.gameflier.com/,GAME,Gaming,2017-08-26,OONI partner,
https://www.gamer.com.tw/,GAME,Gaming,2017-08-26,OONI partner,
http://www.gamexdd.com/,GAME,Gaming,2017-08-26,OONI partner,
https://www.garena.tw/,GAME,Gaming,2017-08-26,OONI partner,
http://www.gff.org.tw/,ENV,Environment,2017-08-26,OONI partner,
https://www.gnjoy.com.tw/,GAME,Gaming,2017-08-26,OONI partner,
https://www.goh.org.tw/tc/index.asp,HUMR,Human Rights Issues,2017-08-26,OONI partner,
http://www.gohappy.com.tw/,COMM,E-commerce,2017-08-26,OONI partner,
http://www.gold-fresh.com.tw/,COMM,E-commerce,2017-08-26,OONI partner,
https://www.google.com.tw/,SRCH,Search Engines,2017-08-26,OONI partner,
https://www.green-n-safe.com/,COMM,E-commerce,2017-08-26,OONI partner,
http://www.greenparty.org.tw/,ENV,Environment,2017-08-26,OONI partner,
http://www.greenvines.com.tw/,COMM,E-commerce,2017-08-26,OONI partner,
https://www.hakka.gov.tw/,GOVT,Government,2017-08-26,OONI partner,
http://www.hakkatv.org.tw/,NEWS,News Media,2017-08-26,OONI partner,
http://www.happy-shopping.com.tw/,COMM,E-commerce,2017-08-26,OONI partner,
http://www.hi-on.org.tw/,MILX,Terrorism and Militants,2017-08-26,OONI partner,
http://www.hsiliu.org.tw/,ENV,Environment,2017-08-26,OONI partner,
https://www.ht.org.tw/,REL,Religion,2017-08-26,OONI partner,
http://www.hucc-coop.tw/,COMM,E-commerce,2017-08-26,OONI partner,
http://www.huf.org.tw/,ENV,Environment,2017-08-26,OONI partner,
http://www.hug.com.tw/hug/index.aspx,COMM,E-commerce,2017-08-26,OONI partner,       
http://www.i-gamer.net/webgame/,GAME,Gaming,2017-08-26,OONI partner,
https://www.i-house.com.tw/,COMM,E-commerce,2017-08-26,OONI partner,
https://www.i-online.tw/,DATE,Online Dating,2017-08-25,OONI partner,
http://www.i-part.com.tw/interest/indexwantdate.php,DATE,Online Dating,2017-08-25,OONI partner,
http://www.i7391.com/,COMM,E-commerce,2017-08-26,OONI partner,
http://www.icantw.com/,GAME,Gaming,2017-08-26,OONI partner,
http://www.icrt.com.tw/,NEWS,News Media,2017-08-25,OONI,
http://www.idgood.com.tw/,COMM,E-commerce,2017-08-26,OONI partner,
http://www.ikea.com/tw/zh/,COMM,E-commerce,2017-08-26,OONI partner,
https://www.is520.com/,GAME,Gaming,2017-08-26,OONI partner,
http://www.istscare.org/,LGBT,LGBT,2017-08-25,OONI partner,
http://www.ithome.com.tw/,NEWS,News Media,2017-08-26,OONI partner,
http://www.iwomenweb.org.tw/,HUMR,Human Rights Issues,2017-08-26,OONI partner,
http://www.jdlfruitnet.com.tw/index.asp,COMM,E-commerce,2017-08-26,OONI partner,
https://www.jrf.org.tw/,HUMR,Human Rights Issues,2017-08-26,OONI partner,
http://www.judicial.gov.tw/index.asp,GOVT,Government,2017-08-26,OONI partner,
http://www.kiyu.tw/,GAME,Gaming,2017-08-26,OONI partner,
https://www.kkbox.com/tw/tc/index.html,CULTR,Culture,2017-08-26,OONI partner,
http://www.kmdn.gov.tw/,NEWS,News Media,2017-08-25,OONI,
http://www.kskk.org.tw/main/,ENV,Environment,2017-08-26,OONI partner,
http://www.ksnews.com.tw/,NEWS,News Media,2017-08-26,OONI partner,
http://www.kuroshio.org.tw/,ENV,Environment,2017-08-26,OONI partner,
https://www.lativ.com.tw/,COMM,E-commerce,2017-08-26,OONI partner,
https://www.leezen.com.tw/index.php,COMM,E-commerce,2017-08-26,OONI partner,
http://www.lre.org.tw/,HUMR,Human Rights Issues,2017-08-26,OONI partner,
http://www.ltn.com.tw/,NEWS,News Media,2017-08-25,OONI,
http://www.lunplay.com/,GAME,Gaming,2017-08-26,OONI partner,
http://www.ly.gov.tw/innerIndex.action,GOVT,Government,2017-08-26,OONI partner,
http://www.mac.gov.tw/,GOVT,Government,2017-08-26,OONI partner,
https://www.mangot5.com/Index,GAME,Gaming,2017-08-26,OONI partner,
http://www.matchbank.com.tw/index.php,DATE,Online Dating,2017-08-25,OONI partner,
http://www.matsu-news.gov.tw/,NEWS,News Media,2017-08-25,OONI,
http://www.mdnkids.com/,NEWS,News Media,2017-08-25,OONI,
https://www.mirrormedia.mg/,NEWS,News Media,2017-08-26,OONI partner,
http://www.mnd.gov.tw/default.aspx,GOVT,Government,2017-08-26,OONI partner,
http://www.moc.gov.tw/,GOVT,Government,2017-08-26,OONI partner,
http://www.moea.gov.tw/MNS/populace/home/Home.aspx,GOVT,Government,2017-08-26,OONI partner,
https://www.mof.gov.tw/,GOVT,Government,2017-08-26,OONI partner,
http://www.mofa.gov.tw/default.html,GOVT,Government,2017-08-26,OONI partner,
https://www.mohw.gov.tw/mp-1.html,GOVT,Government,2017-08-26,OONI partner,
http://www.moi.gov.tw/,GOVT,Government,2017-08-26,OONI partner,
https://www.moj.gov.tw/mp001.html,GOVT,Government,2017-08-26,OONI partner,
http://www.mol.gov.tw/,GOVT,Government,2017-08-26,OONI partner,
https://www.molome.tw/,GAME,Gaming,2017-08-26,OONI partner,
https://www.momoshop.com.tw/,COMM,E-commerce,2017-08-26,OONI partner,
https://www.most.gov.tw/,GOVT,Government,2017-08-26,OONI partner,
http://www.motc.gov.tw/ch/index.jsp,GOVT,Government,2017-08-26,OONI partner,
https://www.muzik-online.com/tw/,CULTR,Culture,2017-08-26,OONI partner,
http://www.my-fresh.com/,COMM,E-commerce,2017-08-26,OONI partner,       
https://www.myfone.com.tw/buy/,COMM,E-commerce,2017-08-26,OONI partner,
https://www.mymusic.net.tw/ux/w/product?gclid=EAIaIQobChMIncLctf7p1QIVVoC9Ch3EkA77EAAYASAAEgJkX_D_BwE,CULTR,Culture,2017-08-26,OONI partner,
https://www.ncc.gov.tw/chinese/index.aspx,GOVT,Government,2017-08-26,OONI partner,
https://www.ndc.gov.tw/RSS.aspx,GOVT,Government,2017-08-26,OONI partner,
http://www.newegg.com.tw/,COMM,E-commerce,2017-08-26,OONI partner,
http://www.newsmarket.com.tw/,NEWS,News Media,2017-08-26,OONI partner,
https://www.newsmarket.com.tw/shop/,COMM,E-commerce,2017-08-26,OONI partner,
http://www.nftu.org.tw/,HUMR,Human Rights Issues,2017-08-26,OONI partner,
http://www.nhrm.gov.tw/home,HUMR,Human Rights Issues,2017-08-26,OONI partner,
http://www.niusnews.com/,NEWS,News Media,2017-08-26,OONI partner,
https://www.nownews.com/,NEWS,News Media,2017-08-26,OONI partner,
http://www.nsb.gov.tw/,GOVT,Government,2017-08-26,OONI partner,
http://www.ntdtv.com/indexb5.html,NEWS,News Media,2017-08-26,OONI partner,
http://www.nylon.org.tw/,HUMR,Human Rights Issues,2017-08-26,OONI partner,
http://www.ocac.gov.tw/ocac/,GOVT,Government,2017-08-26,OONI partner,
http://www.omg.com.tw/,GAME,Gaming,2017-08-26,OONI partner,
http://www.organicshops.cc/,COMM,E-commerce,2017-08-26,OONI partner,
http://www.payeasy.com.tw/,COMM,E-commerce,2017-08-26,OONI partner,
http://www.pct.org.tw/,MILX,Terrorism and Militants,2017-08-26,OONI partner,
http://www.peanutsdaily.com/,NEWS,News Media,2017-08-25,OONI,
http://www.peoplenews.tw/,NEWS,News Media,2017-08-26,OONI partner,
http://www.peopo.org/,NEWS,News Media,2017-08-26,OONI partner,
http://www.pilio.idv.tw/ltohk/list.asp,GMB,Gambling,2017-08-25,OONI partner,
https://www.pixnet.net/album,MMED,Media sharing,2017-08-26,OONI partner,
https://www.pixnet.net/blog,HOST,Hosting and Blogging Platforms,2017-08-26,OONI partner,
http://www.playmusic.tw/,CULTR,Culture,2017-08-26,OONI partner,
http://www.president.gov.tw/,GOVT,Government,2017-08-26,OONI partner,
https://www.ptt.cc/bbs/HatePolitics/index.html,POLR,Political Criticism,2017-08-26,OONI partner,
https://www.ptt.cc/bbs/index.html,GRP,Social Networking,2017-08-25,OONI partner,
http://www.pubgame.tw/,GAME,Gaming,2017-08-26,OONI partner,
http://www.puredise.com.tw/,COMM,E-commerce,2017-08-26,OONI partner,    
https://www.rakuten.com.tw/,COMM,E-commerce,2017-08-26,OONI partner,
http://www.ruten.com.tw/,COMM,E-commerce,2017-08-26,OONI partner,
http://www.sanching.org.tw/,REL,Religion,2017-08-26,OONI partner,
http://www.santacruz.com.tw/,COMM,E-commerce,2017-08-26,OONI partner,
http://www.savesafe.com.tw/,COMM,E-commerce,2017-08-26,OONI partner,
http://www.setn.com/,NEWS,News Media,2017-08-26,OONI partner,
http://www.sina.com.tw/,SRCH,Search Engines,2017-08-26,OONI partner,
http://www.singlebank.com.tw/,DATE,Online Dating,2017-08-25,OONI partner,
http://www.softstar.com.tw/,GAME,Gaming,2017-08-26,OONI partner,
http://www.songyy.org.tw/,XED,Sex Education,2017-08-26,OONI partner,
http://www.southnews.com.tw/,MILX,Terrorism and Militants,2017-08-26,OONI partner,
https://www.sow.org.tw/,ENV,Environment,2017-08-26,OONI partner,
https://www.sportslottery.com.tw/zh/web/guest/home,GMB,Gambling,2017-08-25,OONI partner,
https://www.spotify.com/tw/,CULTR,Culture,2017-08-26,OONI partner,
http://www.storm.mg/,NEWS,News Media,2017-08-26,OONI partner,
http://www.superbuy.com.tw/,COMM,E-commerce,2017-08-26,OONI partner,        
http://www.t-ch.com.tw/index.htm,DATE,Online Dating,2017-08-25,OONI partner,
https://www.taaze.tw/index.html,CULTR,Culture,2017-08-26,OONI partner,
http://www.taedp.org.tw/,HUMR,Human Rights Issues,2017-08-26,OONI partner,
https://twinnocenceproject.org/,HUMR,Human Rights Issues,2017-08-26,OONI partner,
https://www.tahr.org.tw/,HUMR,Human Rights Issues,2017-08-26,OONI partner,
http://www.tahri.org.tw/,HUMR,Human Rights Issues,2017-08-26,OONI partner,
http://www.taipeisoir.net/,NEWS,News Media,2017-08-25,OONI,
http://www.taipeitimes.com/,NEWS,News Media,2017-08-25,OONI,
http://www.taise.org.tw/,ENV,Environment,2017-08-26,OONI partner,
http://www.taiwandaily.net/,NEWS,News Media,2017-08-25,OONI,
http://www.taiwanhot.net/,NEWS,News Media,2017-08-26,OONI partner,
http://www.taiwanhrj.org/,HUMR,Human Rights Issues,2017-08-26,OONI partner,
http://www.taiwanlottery.com.tw/,GMB,Gambling,2017-08-25,OONI partner,
http://www.taiwannation.org.tw/,MILX,Terrorism and Militants,2017-08-26,OONI partner,
http://www.taiwannews.com.tw/,NEWS,News Media,2017-08-25,OONI,
http://www.taiwantna.tw/,MILX,Terrorism and Militants,2017-08-26,OONI partner,
http://www.taiwantoday.tw/,NEWS,News Media,2017-08-25,OONI,
http://www.taiwantrc.org/,HUMR,Human Rights Issues,2017-08-26,OONI partner,
http://www.taiwanwatch.org.tw/,ENV,Environment,2017-08-26,OONI partner,
http://www.tasgep.org.tw/,ENV,Environment,2017-08-26,OONI partner,
http://www.tba.org.tw/index.asp,HUMR,Human Rights Issues,2017-08-26,OONI partner,
http://www.tbj.com.tw/,COMM,E-commerce,2017-08-26,OONI partner,
http://www.teepr.com/,NEWS,News Media,2017-08-26,OONI partner,
http://www.tepu.org.tw/,ENV,Environment,2017-08-26,OONI partner,
http://www.terppa.org/,ENV,Environment,2017-08-26,OONI partner,
http://www.tfrd.org.tw/,HUMR,Human Rights Issues,2017-08-26,OONI partner,
http://www.tgeea.org.tw/,HUMR,Human Rights Issues,2017-08-26,OONI partner,
http://www.thenewslens.com/,NEWS,News Media,2017-08-25,OONI,
http://www.thofood.com/,COMM,E-commerce,2017-08-26,OONI partner,
http://www.titv.org.tw/,NEWS,News Media,2017-08-26,OONI partner,
http://www.tiwa.org.tw/,HUMR,Human Rights Issues,2017-08-26,OONI partner,
http://www.tkec.com.tw/,COMM,E-commerce,2017-08-26,OONI partner,
http://www.tmitrail.org.tw/,ENV,Environment,2017-08-26,OONI partner,
http://www.top1game.com/,GAME,Gaming,2017-08-26,OONI partner,
http://www.toptoon.com.tw/,CULTR,Culture,2017-08-26,OONI partner,
http://www.treemall.com.tw/,COMM,E-commerce,2017-08-26,OONI partner,
http://www.tssdnews.com.tw/,NEWS,News Media,2017-08-25,OONI,
http://www.tsu.org.tw/,MILX,Terrorism and Militants,2017-08-26,OONI partner,
http://www.tt-play.com/,GAME,Gaming,2017-08-26,OONI partner,
http://www.ttv.com.tw/,NEWS,News Media,2017-08-25,OONI,
http://www.ttv.com.tw/news/,NEWS,News Media,2017-08-26,OONI partner,
http://www.tunaking.com.tw/,COMM,E-commerce,2017-08-26,OONI partner,
http://www.tv889.com.tw/,COMM,E-commerce,2017-08-26,OONI partner,
http://www.tvbs.com.tw/,NEWS,News Media,2017-08-26,OONI partner,
http://www.twba.org.tw/,HUMR,Human Rights Issues,2017-08-26,OONI partner,
http://www.twdem.org/,HUMR,Human Rights Issues,2017-08-26,OONI partner,
http://www.twfeminist.org/,HUMR,Human Rights Issues,2017-08-26,OONI partner,
https://www.twreporter.org/,NEWS,News Media,2017-08-26,OONI partner,
http://www.u-mall.com.tw/,COMM,E-commerce,2017-08-26,OONI partner,
https://www.upmedia.mg/,NEWS,News Media,2017-08-26,OONI partner,
http://www.ustv.com.tw/UstvMedia/,NEWS,News Media,2017-08-26,OONI partner,
https://www.vivatv.com.tw/,COMM,E-commerce,2017-08-26,OONI partner,
https://www.warnermusic.com.tw/,CULTR,Culture,2017-08-26,OONI partner,
http://www.wasabii.com.tw/,GAME,Gaming,2017-08-26,OONI partner,
https://www.wayi.com.tw/index.aspx,GAME,Gaming,2017-08-26,OONI partner,
https://www.wegames.com.tw/,GAME,Gaming,2017-08-26,OONI partner,
http://www.wetrees.org/,ENV,Environment,2017-08-26,OONI partner,
https://www.whatsyourprice.com/tw/,DATE,Online Dating,2017-08-25,OONI partner,
https://www.withheart.com.tw/,COMM,E-commerce,2017-08-26,OONI partner,
https://www.wonderfulfood.com.tw/,COMM,E-commerce,2017-08-26,OONI partner,
http://www.wufi.org.tw/,MILX,Terrorism and Militants,2017-08-26,OONI partner,
https://www.yam.com/,SRCH,Search Engines,2017-08-26,OONI partner,
https://www.yooho.com.tw/shop.php,COMM,E-commerce,2017-08-26,OONI partner,    
http://www.youthrights.org.tw/,HUMR,Human Rights Issues,2017-08-26,OONI partner,
https://www.youtube.com/?hl=zh-TW&gl=TW,MMED,Media sharing,2017-08-26,OONI partner,
https://www.yuelaobank.com/about_date,DATE,Online Dating,2017-08-25,OONI partner,
http://www.zoanow.com/2015/02/blog-post_27.html,DATE,Online Dating,2017-08-25,OONI partner,
https://www.zoosk.com/zh-tw/,DATE,Online Dating,2017-08-25,OONI partner,
https://zh-yue.wikipedia.org/,CULTR,Culture,2018-07-06,Wikimedia,URLs provided by wikipedia based on the most popular language domains per country
http://zh.daoinfo.org/wiki/%E9%A6%96%E9%A0%81,REL,Religion,2017-08-26,OONI partner,
http://zh.globalvoicesonline.org/hant/,NEWS,News Media,2017-08-26,OONI partner,
https://zh.wikisource.org/,CULTR,Culture,2018-07-06,Wikimedia,URLs provided by wikipedia based on the most popular language domains per country
https://zh.wiktionary.org/,CULTR,Culture,2018-07-06,Wikimedia,URLs provided by wikipedia based on the most popular language domains per country
http://zh.wildatheart.org.tw/,ENV,Environment,2017-08-26,OONI partner,
https://www.cdc.gov.tw/,PUBH,Public Health,2020-04-01,citizenlab,coronavirus
https://ocf.tw/,HUMR,Human Rights Issues,2023-08-29,test-lists.ooni.org contribution,
https://www.taiwanpride.lgbt/,LGBT,LGBT,2023-08-21,test-lists.ooni.org contribution,The website for Taiwan's LGBTQ+ parade is for the longest-running LGBTQ+ parade movement in Taiwan's history
https://www.hongkongfp.com/,NEWS,News Media,2025-03-06,OONI,
https://thecollectivehk.com/,NEWS,News Media,2025-03-06,OONI,
https://www.inmediahk.net/,NEWS,News Media,2025-03-06,OONI,
https://www.bumingbai.net/,NEWS,News Media,2025-03-06,OONI,
https://chinadigitaltimes.net/,NEWS,News Media,2025-03-06,OONI,
https://dasheng.media/,NEWS,News Media,2025-03-06,OONI,
https://matters.town/,NEWS,News Media,2025-03-06,OONI,
https://mangmang.run/,NEWS,News Media,2025-03-06,OONI,
https://www.wainao.me/,NEWS,News Media,2025-03-06,OONI,
https://flowhk.com/,NEWS,News Media,2025-03-06,OONI,
https://greenbean.media/,NEWS,News Media,2025-03-06,OONI,
https://thepoints.media/,NEWS,News Media,2025-03-06,OONI,
https://photonmedia.net/,NEWS,News Media,2025-03-06,OONI,
https://diyin.org/,NEWS,News Media,2025-03-06,OONI,
https://svpodcast.net/,NEWS,News Media,2025-03-06,OONI,
https://www.buheshiyi.com/,NEWS,News Media,2025-03-06,OONI,
https://storyfm.cn/,NEWS,News Media,2025-03-06,OONI,
https://seahorseplanet.net/,NEWS,News Media,2025-03-06,OONI,
https://www.swissinfo.ch/,NEWS,News Media,2025-03-06,OONI,
https://www.voachinese.com/,NEWS,News Media,2025-03-06,OONI,
https://ici.radio-canada.ca/,NEWS,News Media,2025-03-06,OONI,
https://www3.nhk.or.jp/,NEWS,News Media,2025-03-06,OONI,
https://newbloommag.net/,NEWS,News Media,2025-09-03,test-lists.ooni.org contribution,
https://www.xiaohongshu.com/,GRP,Social Networking,2025-12-10,test-lists.ooni.org contribution,The Ministry of Internal Affairs of the Republic of China announced since 2025/12/03 blocked XiaoHongShu for one year for anti-fraud reasons.
https://www.dpp.org.tw/,POLR,Political Criticism,2026-09-12,anoni.net,Democratic Progressive Party
https://www.kmt.org.tw/,POLR,Political Criticism,2026-09-12,anoni.net,Kuomintang
https://www.tpp.org.tw/,POLR,Political Criticism,2026-09-12,anoni.net,Taiwan People Party
https://newpowerparty.tw/,POLR,Political Criticism,2026-09-12,anoni.net,New Power Party
https://statebuilding.tw/,POLR,Political Criticism,2026-09-12,anoni.net,Taiwan Statebuilding Party
https://www.sdp.org.tw/,POLR,Political Criticism,2026-09-12,anoni.net,Social Democratic Party
https://np.org.tw/,POLR,Political Criticism,2026-09-12,anoni.net,New Party
https://watchout.tw/,POLR,Political Criticism,2026-09-12,anoni.net,Watchout - legislative monitoring and political commentary
https://ccw.org.tw/,POLR,Political Criticism,2026-09-12,anoni.net,Citizen Congress Watch
https://www.thinkingtaiwan.net/,POLR,Political Criticism,2026-09-12,anoni.net,Thinking Taiwan Forum - political commentary
https://voicettank.org/,POLR,Political Criticism,2026-09-12,anoni.net,Voicettank - policy and political commentary
https://whogovernstw.org/,POLR,Political Criticism,2026-09-12,anoni.net,Who Governs TW - political science commentary
https://taronews.tw/,POLR,Political Criticism,2026-09-12,anoni.net,Taro News - political commentary
https://g0v.tw/,POLR,Political Criticism,2026-09-12,anoni.net,g0v - civic tech community working on government transparency
https://tfc-taiwan.org.tw/,POLR,Political Criticism,2026-09-12,anoni.net,Taiwan FactCheck Center
https://cofacts.tw/,POLR,Political Criticism,2026-09-12,anoni.net,Cofacts - crowdsourced fact-checking. Returns 403 to non-browser clients
https://www.mygopen.com/,POLR,Political Criticism,2026-09-12,anoni.net,MyGoPen - fact-checking
https://www.twaea.org.tw/,POLR,Political Criticism,2026-09-12,anoni.net,Economic Democracy Union
https://www.dcard.tw/,GRP,Social Networking,2026-09-12,anoni.net,Dcard - major Taiwanese forum. Returns 403 to non-browser clients
https://www.plurk.com/,GRP,Social Networking,2026-09-12,anoni.net,Plurk - microblogging platform with a large Taiwanese user base
https://www.mobile01.com/,GRP,Social Networking,2026-09-12,anoni.net,Mobile01 - major Taiwanese forum. Returns 403 to non-browser clients
https://vocus.cc/,HOST,Hosting and Blogging Platforms,2026-09-12,anoni.net,vocus - Taiwanese publishing platform
https://hackmd.io/,COMT,Communication Tools,2026-09-12,anoni.net,HackMD - collaborative notes developed in Taiwan and widely used by local communities
https://equallove.tw/,LGBT,LGBT,2026-09-12,anoni.net,Taiwan Equality Campaign
https://twpride.org/,LGBT,LGBT,2026-09-12,anoni.net,Taiwan LGBT Pride
https://www.lgbtfamily.org.tw/,LGBT,LGBT,2026-09-12,anoni.net,Taiwan LGBT Family Rights Advocacy
https://www.lourdes.org.tw/,PUBH,Public Health,2026-09-12,anoni.net,Lourdes Association - HIV support services
https://www.taiwanaids.org.tw/,PUBH,Public Health,2026-09-12,anoni.net,Taiwan Red Ribbon Foundation
https://www.tsos.org.tw/,PUBH,Public Health,2026-09-12,anoni.net,Taiwanese Society of Suicidology
https://anoni.net/,ANON,Anonymization and circumvention tools,2026-09-12,anoni.net,anoni.net - Taiwanese anonymity network community. Submitted by the same community and disclosed in the PR
https://cofacts.ai/,POLR,Political Criticism,2026-09-12,anoni.net,Cofacts AI - AI assisted fact-checking front end of the Cofacts project. An application without dated content
https://www.fgs.org.tw/,REL,Religion,2026-09-12,anoni.net,Fo Guang Shan - Buddhist order
https://www.tzuchi.org.tw/,REL,Religion,2026-09-12,anoni.net,Tzu Chi Foundation - Buddhist charity
https://www.ddm.org.tw/,REL,Religion,2026-09-12,anoni.net,Dharma Drum Mountain - Buddhist order
https://www.catholic.org.tw/,REL,Religion,2026-09-12,anoni.net,Chinese Regional Bishops Conference - Catholic church in Taiwan
https://www.tjc.org.tw/,REL,Religion,2026-09-12,anoni.net,True Jesus Church in Taiwan
https://falundafa.org.tw/,REL,Religion,2026-09-12,anoni.net,Falun Dafa Association of Taiwan
https://home.gamer.com.tw/,HOST,Hosting and Blogging Platforms,2026-09-12,anoni.net,Bahamut personal pages - blogging on a major Taiwanese community site
https://ithelp.ithome.com.tw/,HOST,Hosting and Blogging Platforms,2026-09-12,anoni.net,iThome Help - Taiwanese technical community and blogging platform
https://www.potatomedia.co/,HOST,Hosting and Blogging Platforms,2026-09-12,anoni.net,Potato Media - Taiwanese publishing platform
https://tw.yahoo.com/,SRCH,Search Engines,2026-09-12,anoni.net,Yahoo Taiwan portal and search
https://www.pchome.com.tw/,SRCH,Search Engines,2026-09-12,anoni.net,PChome portal and search
https://webmail.hinet.net/,COMT,Communication Tools,2026-09-12,anoni.net,HiNet webmail - mail service of the largest Taiwanese ISP
https://hamivideo.hinet.net/,MMED,Media sharing,2026-09-12,anoni.net,Hami Video - streaming service of Chunghwa Telecom
https://www.litv.tv/,MMED,Media sharing,2026-09-12,anoni.net,LiTV - Taiwanese streaming service
https://www.myvideo.net.tw/,MMED,Media sharing,2026-09-12,anoni.net,myVideo - streaming service of Taiwan Mobile
https://www.hpa.gov.tw/,PUBH,Public Health,2026-09-12,anoni.net,Health Promotion Administration
https://www.npm.gov.tw/,CULTR,Culture,2026-09-12,anoni.net,National Palace Museum
https://www.tfam.museum/,CULTR,Culture,2026-09-12,anoni.net,Taipei Fine Arts Museum
https://www.openbook.org.tw/,CULTR,Culture,2026-09-12,anoni.net,Openbook - Taiwanese book review magazine
https://opinion.cw.com.tw/,POLR,Political Criticism,2026-09-12,anoni.net,Independent Opinion @CommonWealth - commentary platform. Returns 403 to non-browser clients
https://ani.gamer.com.tw/,MMED,Media sharing,2026-09-12,anoni.net,Bahamut Anime Crazy - major Taiwanese streaming service
https://www.eyny.com/,GRP,Social Networking,2026-09-12,anoni.net,Eyny - long running Taiwanese forum
https://tw.mail.yahoo.com/,COMT,Communication Tools,2026-09-12,anoni.net,Yahoo Mail Taiwan
https://www.sexedu.org.tw/,XED,Sex Education,2026-09-12,anoni.net,Taiwan Association of Sex Education
https://tian-jian.org/,NEWS,News Media,2026-09-12,anoni.net,Tian Jian - publication covering Chinese language media and press freedom. Returns 403 to non-browser clients
https://www.breadoflife.taipei/,REL,Religion,2026-09-12,anoni.net,Bread of Life Christian Church in Taipei
https://tcnn.org.tw/,REL,Religion,2026-09-12,anoni.net,Taiwan Church News Network - Presbyterian church news
https://www.ct.org.tw/,REL,Religion,2026-09-12,anoni.net,Christian Tribune - Chinese language Christian newspaper
https://www.cosmiccare.org/,REL,Religion,2026-09-12,anoni.net,Cosmic Light Holistic Care Organization
https://www.baoan.org.tw/,REL,Religion,2026-09-12,anoni.net,Dalongdong Baoan Temple - folk religion
https://www.blisswisdom.org/,REL,Religion,2026-09-12,anoni.net,Bliss and Wisdom - Buddhist order
https://www.enlighten.org.tw/,REL,Religion,2026-09-12,anoni.net,True Enlightenment Practitioners Association - Buddhist group
https://www.taipeimosque.org.tw/,REL,Religion,2026-09-12,anoni.net,Taipei Grand Mosque
https://www.tienti.org/,REL,Religion,2026-09-12,anoni.net,The Lord of Universe Church - Taiwanese new religious movement
https://mypaper.pchome.com.tw/,HOST,Hosting and Blogging Platforms,2026-09-12,anoni.net,PChome Personal News Station - long running blogging platform
https://firstory.me/,HOST,Hosting and Blogging Platforms,2026-09-12,anoni.net,Firstory - Taiwanese podcast hosting platform
https://www.net-chinese.com.tw/,HOST,Hosting and Blogging Platforms,2026-09-12,anoni.net,Net-Chinese - Taiwanese domain registrar and hosting provider
https://www.mitake.com.tw/,COMT,Communication Tools,2026-09-12,anoni.net,Mitake - Taiwanese SMS gateway provider
https://www.twrf.org.tw/,HUMR,Human Rights Issues,2026-09-12,anoni.net,Taipei Women Rescue Foundation - gender violence and trafficking
https://www.38.org.tw/,HUMR,Human Rights Issues,2026-09-12,anoni.net,Modern Women Foundation - domestic and sexual violence prevention
https://www.goodshepherd.org.tw/,HUMR,Human Rights Issues,2026-09-12,anoni.net,Good Shepherd Social Welfare Foundation - services for women and children
https://www.twh.org.tw/,XED,Sex Education,2026-09-12,anoni.net,Taiwan Womens Health Network - reproductive and womens health information
https://cloud.hinet.net/,HOST,Hosting and Blogging Platforms,2026-09-12,anoni.net,HiNet Cloud - cloud hosting service of Chunghwa Telecom
